weac28l51hiqfzxz,http://www.ifarchive.org/if-archive/games/springthing/2006/baron.zip,0,6,NULL,17,baron_EN.z8
weac28l51hiqfzxz,http://www.ifarchive.org/if-archive/games/springthing/2006/baron.zip,1,6,NULL,17,baron_DU.z8
wqrlx3wvtmkjds9q,http://www.ifarchive.org/if-archive/games/mini-comps/lotech/lotech.zip,0,6,NULL,17,stormy.z5
uszmamdsm653gwbw,http://www.ifarchive.org/if-archive/games/mini-comps/arcade/arcade.zip,0,6,NULL,17,loderunner.z5
f9xvyj311uabnjbx,http://www.ifarchive.org/if-archive/games/mini-comps/arcade/arcade.zip,0,6,NULL,17,joust.z5
xll5odiydidjnktm,http://www.ifarchive.org/if-archive/games/mini-comps/arcade/arcade.zip,0,6,NULL,17,invaders1.z5
6c0vljle73717wig,http://www.ifarchive.org/if-archive/games/mini-comps/arcade/arcade.zip,0,6,NULL,17,galaxian.z5
o1jg8fa0g2t7tohg,http://www.ifarchive.org/if-archive/games/mini-comps/arcade/arcade.zip,0,6,NULL,17,driver.z5
qwhdy69c0czgyfm3,http://www.ifarchive.org/if-archive/games/mini-comps/arcade/arcade.zip,0,6,NULL,17,donkeykong.z5
b67iuep7o6b0kxpm,http://www.ifarchive.org/if-archive/games/glulx/narco.zip,1,29,NULL,17,narco.blb
b67iuep7o6b0kxpm,http://www.ifarchive.org/if-archive/games/pc/narco.zip,2,29,NULL,17,narco.blb
9dk9i8tyyp3hjqs8,http://www.ifarchive.org/if-archive/games/zcode/spanish/celos.zip,1,6,NULL,17,Celos.z5
g4bppjzcsezfuwah,http://www.ifarchive.org/if-archive/games/mini-comps/speedif/SpeedIF_Argonaut.zip,0,38,NULL,17,asciargo.z5
gr0f9vad94p0uyaw,http://www.ifarchive.org/if-archive/games/mini-comps/speedif/SpeedIF_Argonaut.zip,0,38,NULL,17,invisargo.z5
1abt2lr5s834iwky,http://www.ifarchive.org/if-archive/games/mini-comps/speedif/SpeedIF_Argonaut.zip,0,38,NULL,17,fleece.z5
6a23xff9er4s83pl,http://www.ifarchive.org/if-archive/games/mini-comps/introcomp/introcomp06.zip,1,43,NULL,17,Child's Play/Child's Play.zblorb
ty4xjwqeuwtxt4do,http://www.ifarchive.org/if-archive/games/zcode/zchess.zip,1,6,NULL,17,zchess.z5
0oa8mv38ui956q1a,http://www.ifarchive.org/if-archive/games/zcode/vosr.zip,1,6,NULL,17,VOSR_r1.23.z8
uegrmedpzmwi87hr,http://www.ifarchive.org/if-archive/games/zcode/spanish/sombras_de_moria.zip,1,6,NULL,17,sombras.z5
izocnc9ta54msoej,http://www.ifarchive.org/if-archive/games/mini-comps/speedif/SpeedIF_Neologism.zip,0,13,NULL,17,SpeedIF_Neologism/Expedition.zlb
7h6o7vcranfncy52,http://www.ifarchive.org/if-archive/games/mini-comps/speedif/SpeedIF_Orange.zip,0,6,NULL,17,appall.z5
dkh9krjsk9towj5v,http://www.ifarchive.org/if-archive/games/zcode/Mountain.zip,1,6,NULL,17,Mountain.z5
ju778uv5xaswnlpl,http://www.ifarchive.org/if-archive/games/glulx/photo201.zip,0,29,NULL,17,photo201.blb
ad33fom6nxqqvfa3,http://www.ifarchive.org/if-archive/games/mini-comps/speedif/SpeedIF19.zip,0,6,NULL,17,angelcurse.z5
b6fz0awms527hja0,http://www.ifarchive.org/if-archive/games/mini-comps/speedif/SpeedIF10-9.zip,0,6,NULL,17,krakatoa.z5
v0bpwacilg6qkrod,http://www.ifarchive.org/if-archive/games/zcode/bazic-0.1.zip,1,6,NULL,17,bazic.z5
kzlwkkir4kp3it6d,http://www.ifarchive.org/if-archive/games/mini-comps/speedif/SpeedIF_EXTREME.zip,0,6,NULL,17,o.z5
d3g4ygvj01y24f23,http://www.ifarchive.org/if-archive/games/mini-comps/speedif/SpeedIF_EXTREME.zip,0,6,NULL,17,monkey.z5
e0fk84f68z5pw9rl,http://www.ifarchive.org/if-archive/games/mini-comps/speedif/SpeedIF18.zip,0,6,NULL,17,sp18.z5
f9lgeek9vcyivh5r,http://www.ifarchive.org/if-archive/games/mini-comps/speedif/SpeedIF_YIs1OverX.zip,0,6,NULL,17,origin.z5
3dffyc96swn7hjgo,http://www.ifarchive.org/if-archive/games/mini-comps/speedif/SpeedIF18.zip,0,6,NULL,17,glossary.z5
h96reria59cunaa3,http://www.ifarchive.org/if-archive/games/mini-comps/speedif/SpeedIF_CrinkleCut.zip,0,6,NULL,17,travels.z5
fdspaurq4w5hhtwd,http://www.ifarchive.org/if-archive/games/mini-comps/speedif/SpeedIF_Orange.zip,0,6,NULL,17,Descent.z5
7c7iuhyg0mb49gs0,http://www.ifarchive.org/if-archive/games/mini-comps/speedif/SpeedIF_YIs1OverX.zip,0,6,NULL,17,Apoc.z5
o8kfj26cpot69mrt,http://www.ifarchive.org/if-archive/games/pc/KOAWinPkg.zip,1,6,NULL,17,KOAWinPkg/KoA.z5
uq1rwidpqanywymi,http://www.caad.es/incanus/Protector.zip,0,6,NULL,17,Protector.z5
on31jw8n1l9ozb1x,http://www.ifarchive.org/if-archive/games/springthing/2005/flatfeet.zip,1,6,NULL,17,flatfeet.z8
ezqljtd04d1dnukf,http://www.ifarchive.org/if-archive/games/springthing/2005/teller.zip,1,6,NULL,17,teller.z8
ld1l0p3sz2t46ywe,http://www.ifarchive.org/if-archive/games/mini-comps/speedif/SpeedIF_2001.zip,0,6,NULL,17,SpeedIF 2001/destiny.z5
zsole7usixgh2uxr,http://www.ifarchive.org/if-archive/games/mini-comps/chicken/chicken.zip,0,6,NULL,17,chkn-at.z5
kes9n0ngcurwzw4t,http://www.ifarchive.org/if-archive/games/glulx/glkchess.zip,1,29,NULL,17,glkchess.blb
f5jw8dv02umjdxzz,http://www.ifarchive.org/if-archive/games/zcode/life.zip,1,6,NULL,17,life.z5
lkr2jf03np19ieix,http://www.ifarchive.org/if-archive/games/zcode/ifquake.zip,1,6,NULL,17,quake.z5
jv9y29bn167wwix5,http://www.ifarchive.org/if-archive/games/mini-comps/smoochie/smoochie.zip,0,6,NULL,17,bandit.zip/bandit.z5
spsnevz1br6f2z3v,http://www.ifarchive.org/if-archive/games/mini-comps/smoochie/smoochie.zip,2,6,NULL,17,pytho.z8
fssgocb2swnmrdod,http://www.ifarchive.org/if-archive/games/zcode/guard.zip,1,6,NULL,17,guard.z8
fh8iwavcu4ldm98i,http://www.ifarchive.org/if-archive/games/zcode/eliza.zip,1,6,15,17,eliza.z5
sl6aa8c5bs4vsxzb,http://www.ifarchive.org/if-archive/games/mini-comps/speedif/SpeedIF_Century.zip,0,6,NULL,17,yaygames.z5
igcp4nw7md3ylwjs,http://www.ifarchive.org/if-archive/games/zcode/coke.zip,0,6,NULL,17,CokeIsIt.z5
uva1vc6ico5u65zg,http://www.ifarchive.org/if-archive/games/zcode/russian/bluechairsR.zip,5,6,NULL,17,bluechairsR.z8
nzt2dgyyio8supil,http://www.ifarchive.org/if-archive/games/zcode/spanish/tokland.zip,1,6,NULL,17,tokland.z5
sjiyffz8n5patu8l,http://www.ifarchive.org/if-archive/games/zcode/dragon.zip,3,6,NULL,17,Dragon.z5
sjiyffz8n5patu8l,http://www.ifarchive.org/if-archive/games/glulx/dragon.zip,2,29,NULL,17,Dragon.blb
718q4m0ibedkkoge,http://www.ifarchive.org/if-archive/games/zcode/robodud.zip,1,6,NULL,17,robodud.z5
t8rm5lb8mtzblrst,http://www.ifarchive.org/if-archive/games/zcode/Snafufun.zip,1,6,NULL,17,snafufun.z5
capk2kklo697oaip,http://www.ifarchive.org/if-archive/games/glulx/spanish/Dracula2_La_Llegada.zip,2,29,NULL,17,Dracula2_La_Llegada.blb
capk2kklo697oaip,http://www.ifarchive.org/if-archive/games/glulx/Dracula2_The_Arrival.zip,1,29,NULL,17,Dracula2_The_Arrival.blb
3jdoynuana6ph0jm,http://www.ifarchive.org/if-archive/games/zcode/spanish/torre.zip,1,6,NULL,17,torre.z5
joahn3xg3fcr2w5p,http://www.ifarchive.org/if-archive/games/mini-comps/arcade/arcade.zip,0,6,NULL,17,centipede.z5
mhs27ei693lx31rq,http://www.ifarchive.org/if-archive/games/mini-comps/arcade/arcade.zip,1,6,NULL,17,asteroids.z5
neb2f84qmnbjx2ls,http://www.ifarchive.org/if-archive/games/zcode/killing.zip,1,6,NULL,17,killing.z5
7datxqc6cdlj3p6u,http://www.ifarchive.org/if-archive/games/mini-comps/smoochie/smoochie.zip,0,6,NULL,17,dark.z5
yo7axrrxq5h3q42x,http://www.ifarchive.org/if-archive/games/mini-comps/smoochie/smoochie.zip,0,6,NULL,17,august.z5
3tnulswz4pu7r5qr,http://www.ifarchive.org/if-archive/games/mini-comps/speedif/SpeedIF_Zombie.zip,0,6,NULL,17,speedifzombie.z5
mefysxk3up0oypcp,http://www.ifarchive.org/if-archive/games/mini-comps/arcade/arcade.zip,0,6,NULL,17,pac-man.z5
w6cpxr0pi5awvonm,http://www.ifarchive.org/if-archive/games/mini-comps/arcade/arcade.zip,0,6,NULL,17,marble.z5
a3ym4ipix7sjsfrf,http://aifcommunity.org/games/inform/i-0.zip,1,6,NULL,17,I-0/I-0.z5
svslp7lp8l61pxpu,http://www.ifarchive.org/if-archive/games/pc/ShapesWinPkg.zip,3,6,NULL,17,ShapesWinPkg/Shapes.z5
n5i618v5xowmum91,http://www.caad.es/incanus/Mansion.zip,0,6,NULL,17,Mansion.z5
ki5pi6jdn5wvq2uq,http://www.ifarchive.org/if-archive/games/mini-comps/speedif/SpeedIF_Neologism.zip,0,13,NULL,17,SpeedIF_Neologism/nbh_neologism.zblorb
42h356yel4occbjf,http://www.ifarchive.org/if-archive/games/mini-comps/speedif/SpeedIF_Neologism.zip,0,13,NULL,17,SpeedIF_Neologism/AlmaMater.zblorb
o0szbgfo63ccuysn,http://www.ifarchive.org/if-archive/games/mini-comps/speedif/SpeedIF_Gruff.zip,0,6,NULL,17,gameiwrote.z5
n4dvdlpmny46zhy6,http://www.ifarchive.org/if-archive/games/zcode/eleven.zip,1,6,NULL,17,eleven.z5
xtlhfet0vixthar5,http://ifarchive.org/if-archive/games/zcode/eas.zip,1,6,NULL,17,Eas.z5
j1qv39w1ucnlhnms,http://www.ifarchive.org/if-archive/games/pc/win-lock.zip,1,29,NULL,17,lock-key.blb
j1uj9pygpuw3v9pc,http://www.ifarchive.org/if-archive/games/zcode/heroes.zip,1,6,NULL,17,heroes.z5
hd8qf4lha5gl2d2u,http://www.ifarchive.org/if-archive/games/zcode/spanish/Olvido.zip,2,6,NULL,17,olvido.z5
du3nrz53qjw2cx0j,http://www.ifarchive.org/if-archive/games/mini-comps/speedif/SpeedIF01.zip,1,6,NULL,17,coffins.z5
dqklf0b4j4m05960,http://www.ifarchive.org/if-archive/games/mini-comps/speedif/SpeedIF_Scenario1.zip,1,6,NULL,17,stars.z5
snk6qx8hfn3xpm0a,http://www.ifarchive.org/if-archive/games/glulx/ACG.zip,0,25,NULL,17,ACG.ulx
nfsjiwg00sh5rnh9,http://www.ifarchive.org/if-archive/games/zcode/zenspeak_alpha.zip,1,6,NULL,17,zenspeak.z5
5xmcy80x989ifyca,http://www.ifarchive.org/if-archive/games/zcode/zbefunge.zip,1,6,NULL,17,zbefunge.z5
nfbfwb2gp3sxsk3u,http://www.ifarchive.org/if-archive/games/pc/Probing.zip,0,6,NULL,17,Probing.z5
hpesnywwgnl862rz,http://www.ifarchive.org/if-archive/games/zcode/zugzwang.zip,0,6,NULL,17,zugzwang.z5
wm5h7xe91k9mzuuo,http://www.ifarchive.org/if-archive/games/zcode/fmvpoker.zip,0,6,NULL,17,fmvpoker/fmvpoker.z6
b1s1g450d4qmq6y8,http://www.ifarchive.org/if-archive/games/mini-comps/speedif/SpeedIF_EXTREME.zip,0,6,NULL,17,Tightest.z5
bkc9ldw3ub4w9ofc,http://www.ifarchive.org/if-archive/games/mini-comps/speedif/SpeedIF_EXTREME.zip,0,6,NULL,17,rjd.z5
tcebhl79rlxo3qrk,http://www.ifarchive.org/if-archive/games/zcode/weapon.zip,0,6,NULL,17,weapon.z5
ara76kg5z0aksari,http://www.ifarchive.org/if-archive/games/zcode/german/jazteg.zip,0,6,NULL,17,jazteg.z5
8tucc7iqyv44bb9g,http://www.ifarchive.org/if-archive/games/zcode/spanish/gorron.zip,1,6,NULL,17,gorron.z5
c7dydbtxh1hmmgkn,http://www.caad.es/incanus/Goteras.zip,1,6,NULL,17,Goteras.z5
7bptvi6o2p9de3li,http://www.ifarchive.org/if-archive/games/mini-comps/speedif/SpeedIF_2001.zip,0,6,NULL,17,SpeedIF 2001/2001.z5
dsvzan5uim8460bt,http://www.ifarchive.org/if-archive/games/mini-comps/speedif/SpeedIF_2001.zip,0,6,NULL,17,SpeedIF 2001/crescent.z5
lckqxohonrcvh4nt,http://www.ifarchive.org/if-archive/games/glulx/words-ns.zip,2,29,NULL,17,words-ns.blb
lckqxohonrcvh4nt,http://www.ifarchive.org/if-archive/games/glulx/words.zip,1,29,NULL,17,words.blb
evmzm5hg3vfdvys0,http://www.ifarchive.org/if-archive/games/glulx/spanish/conrumbo.zip,1,25,NULL,17,conrumbo.ulx
sufyz4k4tohxt73j,http://www.ifarchive.org/if-archive/games/mini-comps/speedif/SpeedIF_2001.zip,0,6,NULL,17,SpeedIF 2001/infiltrt.z5
2n6vrsmrn310mucc,http://www.ifarchive.org/if-archive/games/mini-comps/speedif/SpeedIF_2001.zip,0,6,NULL,17,SpeedIF 2001/dgspeed.z5
492lcn0sjg591szu,http://www.ifarchive.org/if-archive/games/mini-comps/speedif/SpeedIF_2001.zip,0,6,NULL,17,SpeedIF 2001/crouton.z5
qpk9q65fave3wed0,http://www.ifarchive.org/if-archive/games/mini-comps/toaster/ToasterCompNosrc.zip,0,25,NULL,17,Glulx/YoureToast/toast.ulx
qpk9q65fave3wed0,http://www.ifarchive.org/if-archive/games/mini-comps/toaster/ToasterCompWithSrc.zip,1,25,NULL,17,Glulx/YoureToast/toast.ulx
zahn0ux2vkkvnu45,http://www.ifarchive.org/if-archive/games/mini-comps/speedif/SpeedIF_2001.zip,0,6,NULL,17,SpeedIF 2001/sif2001.z5
bhipn1557th408kd,http://www.ifarchive.org/if-archive/games/mini-comps/speedif/SpeedIF_2001.zip,0,6,NULL,17,SpeedIF 2001/moon.z5
qbk3fo0jcawo1j7h,http://www.ifarchive.org/if-archive/games/glulx/spanish/Dracula_La_Primera_Noche.zip,1,29,NULL,17,Dracula_La_Primera_Noche.blb
qbk3fo0jcawo1j7h,http://www.ifarchive.org/if-archive/games/glulx/Dracula_The_First_Night.zip,2,29,NULL,17,Dracula_The_First_Night.blb
ht2g110bav86qttp,http://www.ifarchive.org/if-archive/games/zcode/spanish/lldc.zip,1,6,NULL,17,lldc.z5
mom3zbtso4xadex4,http://www.paololucchesi.it/at/files/LaPietraDellaLuna.zip,2,29,NULL,17,luna.gblorb
mom3zbtso4xadex4,http://www.paololucchesi.it/at/files/LaPietraDellaLuna_txt.zip,3,13,NULL,17,luna.zblorb
mom3zbtso4xadex4,http://www.paololucchesi.it/at/files/LaPietraDellaLuna_win.zip,0,29,NULL,17,luna.gblorb
j61yaux1cqbptxyb,http://ynd.stormway.ru/files/metamorpr.zip,5,6,NULL,17,metamorpR.z5
6durptkxdbferhg4,http://www.ifarchive.org/if-archive/games/mini-comps/speedif/SpeedIF_Jacket_2.zip,0,6,NULL,17,tower.z5
39wyzsxaba5yeybi,http://www.ifarchive.org/if-archive/games/mini-comps/speedif/SpeedIF_U.zip,0,6,NULL,17,rrr.z5
9mhpwzpljyifgw5v,http://www.ifarchive.org/if-archive/games/mini-comps/speedif/SpeedIF_U.zip,0,6,NULL,17,death.z5
40bt4qpy7j9gc1f3,http://www.ifarchive.org/if-archive/games/zcode/erden.zip,1,6,NULL,17,Erden.z8
5p150c2ms7kegank,http://www.ifarchive.org/if-archive/games/zcode/Deadsville.zip,0,6,NULL,17,Deadsville.z5
benz76ren7qbkr0t,http://www.ifarchive.org/if-archive/games/mini-comps/introcomp/introcomp05.zip,0,6,NULL,17,IntroComp05/Z-code/Fox Dragon Bread/stale_v1.z5
gqr7l2vg8us35h4u,http://www.ifarchive.org/if-archive/games/zcode/dotd.zip,0,6,NULL,17,dotd.z5
l44l6fbqnk5rvxqw,http://www.ifarchive.org/if-archive/games/zcode/WernersQuest.zip,1,38,NULL,17,Werner1.z5
ipe61nlesmkutn6y,http://www.ifarchive.org/if-archive/games/mini-comps/speedif/SpeedIF_PTAP.zip,0,6,NULL,17,squeaky.z5
e4sfma9el697c96h,http://www.ifarchive.org/if-archive/games/zcode/spanish/ocaso.zip,1,6,NULL,17,ocaso.z5
38hf3rcibvp2on7a,http://www.ifarchive.org/if-archive/games/springthing/2005/Authority.zip,1,6,NULL,17,Authority.z5
kqj9zdnubfmfu1cp,http://www.ifarchive.org/if-archive/games/mini-comps/speedif/SpeedIF_-1.zip,0,38,NULL,17,golsux.z5
99hicyvv3hnaa1gs,http://www.ifarchive.org/if-archive/games/mini-comps/speedif/SpeedIF_-1.zip,0,38,NULL,17,dgspeed.z5
08cvrv46idil7fth,http://www.ifarchive.org/if-archive/games/zcode/italian/zombie.zip,1,6,NULL,17,zombie.z5
271fmvmfdomv79ei,http://www.ifarchive.org/if-archive/games/mini-comps/speedif/SpeedIF_-1.zip,0,38,NULL,17,speedif.z5
ye87s2rlfi6ftazw,http://www.ifarchive.org/if-archive/art/mhto/mhto-lee-and-lee.zip,1,29,NULL,17,mhto.blb
80s6vtj6yjwmt7sn,http://www.ifarchive.org/if-archive/games/zcode/italian/Beyond_txt.zip,5,13,NULL,17,aldila.zblorb
80s6vtj6yjwmt7sn,http://www.ifarchive.org/if-archive/games/glulx/italian/Beyond.zip,4,29,NULL,17,aldila.gblorb
80s6vtj6yjwmt7sn,http://www.ifarchive.org/if-archive/games/zcode/Beyond_txt.zip,2,13,NULL,17,beyond.zblorb
80s6vtj6yjwmt7sn,http://www.ifarchive.org/if-archive/games/glulx/Beyond.zip,1,29,NULL,17,Beyond.gblorb
cax9oo2leu5yw8bt,http://www.ifarchive.org/if-archive/games/mini-comps/speedif/SpeedIF17.zip,0,6,NULL,17,123102.z5
e9vf72qxjk48rlat,http://www.ifarchive.org/if-archive/games/mini-comps/speedif/SpeedIF17.zip,0,6,NULL,17,speedif17.z5
4qt2oryeon42t7z1,http://www.ifarchive.org/if-archive/games/mini-comps/speedif/SpeedIF_O.zip,0,6,NULL,17,dsw_speedo.z5
b8y15ull1q1hdcme,http://www.ifarchive.org/if-archive/games/mini-comps/speedif/SpeedIF_SchmeedIF.zip,1,6,NULL,17,pf.z5
pcxemfypj7d9fyoa,http://www.ifarchive.org/if-archive/games/zcode/typo.zip,1,6,NULL,17,typo.z5
jwwys4s6tap8ijtg,http://www.ifarchive.org/if-archive/games/mini-comps/speedif/SpeedIF07.zip,0,6,NULL,17,tankweb.z5
kw2hx366nwvjn03l,http://www.ifarchive.org/if-archive/games/mini-comps/toaster/ToasterCompWithSrc.zip,1,6,NULL,17,Z-Code/TommyTheToaster/toaster.z5
kw2hx366nwvjn03l,http://www.ifarchive.org/if-archive/games/mini-comps/toaster/ToasterCompNosrc.zip,0,6,NULL,17,Z-Code/TommyTheToaster/toaster.z5
ydnxgxxa7pzz54ql,http://www.ifarchive.org/if-archive/games/mini-comps/fan-fest/ite2.zip,1,6,NULL,17,ite2.z5
s3ufsiaj5rpmquts,http://www.ifarchive.org/if-archive/games/mini-comps/speedif/SpeedIF07.zip,0,38,NULL,17,captain.z5
2xyccw3pe0uovfad,http://www.ifarchive.org/if-archive/games/zcode/russian/SpiderAndWeb.zip,2,6,NULL,17,tangleR.z8
qgz3f290qxbp1k85,http://www.ifarchive.org/if-archive/games/mini-comps/speedif/SpeedIF04.zip,0,6,NULL,17,n.z5
9vo08lfea4ocpzxq,http://www.ifarchive.org/if-archive/games/mini-comps/toaster/ToasterCompWithSrc.zip,1,6,NULL,17,Z-Code/BurntToast/burnt.z5
9vo08lfea4ocpzxq,http://www.ifarchive.org/if-archive/games/mini-comps/toaster/ToasterCompNosrc.zip,0,6,NULL,17,Z-Code/BurntToast/burnt.z5
h183ccbpfw361347,http://www.ifarchive.org/if-archive/games/mini-comps/toaster/ToasterCompWithSrc.zip,1,6,NULL,17,Z-Code/FriarBaconsSecret/bacon.z5
h183ccbpfw361347,http://www.ifarchive.org/if-archive/games/mini-comps/toaster/ToasterCompNosrc.zip,0,6,NULL,17,Z-Code/FriarBaconsSecret/bacon.z5
vy3x71efi2owus0z,http://www.ifarchive.org/if-archive/games/mini-comps/toaster/ToasterCompWithSrc.zip,1,6,NULL,17,Z-Code/GotToast/gottoast.z5
vy3x71efi2owus0z,http://www.ifarchive.org/if-archive/games/mini-comps/toaster/ToasterCompNosrc.zip,0,6,NULL,17,Z-Code/GotToast/gottoast.z5
ygbe1rezyq2ny1av,http://www.ifarchive.org/if-archive/games/mini-comps/toaster/ToasterCompWithSrc.zip,1,6,NULL,17,Z-Code/SpittingCrumbs/crumbs.z5
ygbe1rezyq2ny1av,http://www.ifarchive.org/if-archive/games/mini-comps/toaster/ToasterCompNosrc.zip,0,6,NULL,17,Z-Code/SpittingCrumbs/crumbs.z5
5db3ldo0anwfhpk2,http://www.ifarchive.org/if-archive/games/mini-comps/toaster/ToasterCompWithSrc.zip,1,6,NULL,17,Z-Code/IncredibleShrinkingWomanToo/shrink.z5
5db3ldo0anwfhpk2,http://www.ifarchive.org/if-archive/games/mini-comps/toaster/ToasterCompNosrc.zip,0,6,NULL,17,Z-Code/IncredibleShrinkingWomanToo/shrink.z5
n2f4o8ce30xthyvs,http://www.ifarchive.org/if-archive/games/zcode/rans.zip,0,6,NULL,17,RANS.z5
1yaqv1ou7zif2qfp,http://www.ifarchive.org/if-archive/games/zcode/midpoints.zip,1,6,NULL,17,midpoints.z5
6tlsv79zs2xq9ecs,http://www.ifarchive.org/if-archive/games/mini-comps/smoochie/smoochie.zip,0,6,NULL,17,1981.z5
u6wzkckne4zsafyl,http://www.ifarchive.org/if-archive/games/glulx/CoS.zip,1,29,NULL,17,CoSv3.blb
f6o3ur38czzrlfim,http://www.ifarchive.org/if-archive/games/mini-comps/speedif/SpeedIF_Neologism.zip,0,6,NULL,17,SpeedIF_Neologism/minimum_wage.z5
nue0kr86i5cpkqze,http://www.ifarchive.org/if-archive/games/mini-comps/smoochie/smoochie.zip,1,6,NULL,17,voices.z5
u2s3b8beeezfmk3d,http://www.ifarchive.org/if-archive/games/zcode/spanish/sentencia.zip,1,6,NULL,17,senten.z5
3vydmdgmdzoog3ep,http://www.ifarchive.org/if-archive/games/zcode/spanish/churro.zip,1,6,NULL,17,churro.z5
61mddgfhspk5xfhm,http://www.ifarchive.org/if-archive/games/zcode/ccake.zip,1,6,NULL,17,ccake.z5
3ayn54ep27rhf8xs,http://www.ifarchive.org/if-archive/games/mini-comps/chicken/chicken.zip,0,6,NULL,17,chkn-gs.z5
v8cymsh1u24t2tnq,http://www.ifarchive.org/if-archive/games/glulx/CaveGlulx.zip,1,29,NULL,17,Cave.blb
3ns7qihicdd1cpz8,http://www.avventuretestuali.com/download/easter.zip,0,43,NULL,17,easter.z5
fk4m3022wxy5z3vc,http://www.caad.es/incanus/Macetas.zip,0,6,NULL,17,Macetas.z5
62mz3wh4rpn1ef27,http://ifiction.free.fr/concours2006/cite_eaux_rel1.zip,0,6,NULL,17,jeu/cite-eaux.z5
62mz3wh4rpn1ef27,http://ifiction.free.fr/concours2006/cite_eaux_rel2.zip,3,6,NULL,17,jeu/cite_eaux.z5
7gipckvj6bvv988g,http://ifiction.free.fr/concours2006/sarvegne.zip,0,25,NULL,17,sarvegne_pack/Sarvegne.blb
wslmqnf2axgpihge,http://www.ifarchive.org/if-archive/games/glulx/FerrousRing.zip,0,25,NULL,17,FerrousRing.ulx
a64jwvfed5vdsrcq,http://www.ifarchive.org/if-archive/games/zcode/across.zip,0,6,NULL,17,across.z8
qtb5hu2huk1w96no,http://www.ifarchive.org/if-archive/games/mini-comps/speedif/SpeedIF_Introcomp.zip,0,13,NULL,17,Holy Goat!.zblorb
1pasgsrjiit7fcid,http://www.ifarchive.org/if-archive/games/mini-comps/speedif/SpeedIF_Introcomp.zip,0,6,NULL,17,alcohol.z5
myejb4ual3rfi9gj,http://www.ifarchive.org/if-archive/games/mini-comps/speedif/SpeedIF_Introcomp.zip,0,13,NULL,17,djibouti.zblorb
i43ytbq9fvab8074,http://www.ifarchive.org/if-archive/games/mini-comps/speedif/SpeedIF_Introcomp.zip,0,13,NULL,17,faett_tiw.zblorb
zmlwdgbkvii201q,http://www.ifarchive.org/if-archive/games/mini-comps/speedif/SpeedIF_Introcomp.zip,0,6,NULL,17,otto_zefrenchcountrysideisfulloffreshair.z5
z66uiemcszslw0sg,http://www.ifarchive.org/if-archive/games/mini-comps/speedif/SpeedIF_Introcomp.zip,0,13,NULL,17,velocitas_fictus.zblorb
3kb9mycmr3h4ztsk,http://www.ifarchive.org/if-archive/games/mini-comps/speedif/SpeedIF_Introcomp.zip,0,13,NULL,17,baptist.zblorb
x14kvpjpv4uosqc7,http://www.slade.altervista.org/download/LF-BLB-ENG.zip,0,29,NULL,17,ENG_LittleFalls.blb
mr3afem4kaqroce6,http://www.ifarchive.org/if-archive/games/mini-comps/oneroom/orgc2007.zip,0,6,NULL,17,urbanconflict.z8
xkai23ry99qdxce3,http://www.ifarchive.org/if-archive/games/mini-comps/oneroom/orgc2007.zip,1,6,NULL,17,suvehnux.z5
zqwo2g42f4hha36u,http://www.avventuretestuali.com/download/dreimp.zip,0,43,NULL,17,dreimp.z5
tm44apgn8j7wlgjm,http://www.avventuretestuali.com/download/necromante.zip,0,43,NULL,17,necromante.z5
d5bj9rohyxx2w7r,http://www.avventuretestuali.com/download/notte.zip,0,43,NULL,17,mono.blb
8upuvdnsk4sho6ac,http://mirror.ifarchive.org/if-archive/games/zcode/ToaSK.zip,1,6,NULL,17,Treasures of a Slaver's Kingdom.z8
k7jsv0ozw3lp1gab,http://dagarro.webs.upv.es/VarronisMuseum/VMr2.zip,0,13,NULL,17,Varronis Museum.zblorb
hpqjj4d36s6427ua,http://www.ifarchive.org/if-archive/games/mini-comps/speedif/SpeedIF_NewYear2007.zip,1,6,NULL,17,The day I shot Hitler.z5
6z25yl4e0xfoou38,http://www.ifarchive.org/if-archive/games/mini-comps/speedif/SpeedIF_NewYear2007.zip,0,6,NULL,17,NaziMice.z5
v5t42htq1g9n5fxi,http://www.ifarchive.org/if-archive/games/mini-comps/speedif/SpeedIF_NewYear2007.zip,0,6,NULL,17,newyearswar.z5
msi8ksprteqcu4wv,http://www.ifarchive.org/if-archive/games/mini-comps/speedif/SpeedIF_NewYear2007.zip,0,6,NULL,17,NotSameALS.z8
t2sezaqjx8j89nnx,http://www.ifarchive.org/if-archive/games/mini-comps/ifbeginners/IFBeginnersComp2008.zip,0,6,NULL,17,ZCode/Connect/connect.z5
8k5oebzksncg10v1,http://www.ifarchive.org/if-archive/games/mini-comps/ifbeginners/IFBeginnersComp2008.zip,0,13,NULL,17,ZCode/Limelight/Limelight.zblorb
c3nyd7wv3rmrqhbm,http://www.ifarchive.org/if-archive/games/zcode/IraqiInvasion.zip,0,6,NULL,17,IraqiInvasion.z8
f6d7vq9nig2z3il,http://www.ifarchive.org/if-archive/games/zcode/back2wakeup.zip,0,13,NULL,17,Back to WakeUp.zblorb
ez2mcyx4zi98qlkh,http://blue-lacuna.textories.com/release/BlueLacuna-r4.zip,0,29,NULL,17,BlueLacuna-r4.gblorb
ez2mcyx4zi98qlkh,http://www.ifarchive.org/if-archive/games/springthing/2008/BlueLacuna.zip,1,29,NULL,17,bl-preview-1.gblorb
4ygzc9qcj6rxhh1,http://www.ifarchive.org/if-archive/games/mini-comps/speedif/SpeedIF_Spring.zip,0,43,NULL,17,Exterminate.zblorb
7yfyrl3tek1zy1jc,http://www.ifarchive.org/if-archive/games/springthing/2008/Replay.zip,0,6,NULL,17,Replay.z5
xzsok29mczgvbnus,http://textfire.de/comp05/banana.zip,0,25,NULL,17,banana.ulx
34cibr58tb5g4ulc,http://pitermos.niccolai.cc/downloads/WarMage_it.zip,1,6,NULL,17,WarMage.z8
34cibr58tb5g4ulc,http://pitermos.niccolai.cc/downloads/WarMage.zip,0,6,NULL,17,WarMage.z8
ms67a2hds1t2swti,http://www.ifarchive.org/if-archive/games/mini-comps/speedif/bouchercomp.zip,0,29,NULL,17,Lowell Prison.gblorb
casmrq2x2yct71m0,http://www.ifarchive.org/if-archive/games/mini-comps/speedif/bouchercomp.zip,0,13,NULL,17,lowell.zblorb
v07htx7abi08hb73,http://www.ifarchive.org/if-archive/games/mini-comps/speedif/bouchercomp.zip,0,6,NULL,17,putpbad.z5
d8t6uzsd8hjov2ag,http://www.ifarchive.org/if-archive/games/mini-comps/speedif/bouchercomp.zip,0,13,NULL,17,Seeking Solace.zblorb
czai0qjnsjffx5c1,http://www.ifarchive.org/if-archive/games/mini-comps/speedif/bouchercomp.zip,0,6,NULL,17,wide-open-gate.z5
rurv9kv8vm3rve4r,http://cle.usu.edu/AUSFLUG/AUSFLUG.zip,0,6,NULL,17,game.z5
h59mnn480ouc2fn8,http://www.invisibleville.com/downloads/IF/ThePhoenixMove.zip,0,43,NULL,17,The Phoenix Move.gblorb
yghs5x72086bkewt,http://www.caad.es/incanus/Pincoya.zip,0,6,NULL,17,Pincoya.z5
3a4kqs374jqu2li6,http://www.ifarchive.org/if-archive/games/glulx/Nightfall.zip,0,29,NULL,17,Nightfall.gblorb
rqpt1xqds7red6zm,http://www.ifarchive.org/if-archive/games/mini-comps/introcomp/introcomp08.zip,1,13,NULL,17,Storm Cellar/Storm Cellar - Chapter Zero.zblorb
ydcgk75cqx86opwt,http://www.ifarchive.org/if-archive/games/mini-comps/introcomp/introcomp08.zip,0,6,NULL,17,Bedtime Story/Bedtime story.z8
qo74vsi4sa44yaov,http://www.ifarchive.org/if-archive/games/mini-comps/introcomp/introcomp08.zip,0,13,NULL,17,Fiendish Zoo/Fiendish Zoo.zblorb
8ithpr6yhbhhb6fe,http://www.ifarchive.org/if-archive/games/mini-comps/introcomp/introcomp08.zip,0,6,NULL,17,Nine Tenths of the Law/ninetenths.z5
meshth9smof7y8tj,http://www.ifarchive.org/if-archive/games/mini-comps/introcomp/introcomp08.zip,0,29,NULL,17,Phoenix's Landing - Destiny/Phoenix's Landing- Destiny.gblorb
9ntef9expou18abv,http://maher.filfre.net/King/King.zip,0,29,NULL,17,The King of Shreds and Patches.gblorb
9ntef9expou18abv,http://www.ifarchive.org/if-archive/games/mini-comps/introcomp/introcomp07.zip,1,6,NULL,17,Z-Code/Shreds and Patches/shredspatches.z8
sp7yrctn99uy103,http://www.ifarchive.org/if-archive/games/mini-comps/introcomp/introcomp07.zip,0,6,NULL,17,Z-Code/Jacobs Travels/jacobst.z8
6rhf7eaywwh2bv4q,http://www.ifarchive.org/if-archive/games/mini-comps/introcomp/introcomp07.zip,0,13,NULL,17,Z-Code/Jack in the Box/Jack in the box.zblorb
gonczpz4imoek4do,http://www.ifarchive.org/if-archive/games/mini-comps/introcomp/introcomp07.zip,0,29,NULL,17,Glulx/Three Princes/Three Princes.gblorb
895qx01ri6rvj1hd,http://www.ifarchive.org/if-archive/games/mini-comps/introcomp/introcomp07.zip,0,6,NULL,17,Z-Code/Trainstopping/trainstopping.z5
a8l9yzh11dupy0k,http://www.ifarchive.org/if-archive/games/zcode/SantasSleighRide.zip,0,13,NULL,17,Santa's Sleigh Ride.zblorb
af5avho6z6u7hgnu,http://www.ifarchive.org/if-archive/games/mini-comps/speedif/SpeedIF_NewYear2008.zip,0,6,NULL,17,escapist.z5
m6berjjxx1mei0ea,http://www.ifarchive.org/if-archive/games/mini-comps/speedif/SpeedIF_NewYear2008.zip,1,6,NULL,17,leaptime.z8
usdy3xjxvvk9t8yw,http://www.ifarchive.org/if-archive/games/mini-comps/speedif/SpeedIF_NewYear2008.zip,0,6,NULL,17,The Day I mauled Mao!.z5
zv61aso624p8xlzv,http://distractionware.com/junk/textthehalls/Capture%20Santa!.zip,0,13,NULL,17,Capture Santa!.zblorb
6fgbrgrviwlrlahy,http://www.uni-koblenz.de/~smaxein/Xmaton.zip,0,13,NULL,17,Xmaton.zblorb
wbojkwezlpkoy6of,http://mirror.ifarchive.org/if-archive/games/mini-comps/metafilter/metafilter2009.zip,0,13,NULL,17,Down and Out at the Big Creepy House on the Poison Lake.zblorb
82n5x7de6chpln5r,http://www.ifarchive.org/if-archive/games/springthing/2009/TheMilkOfParadise.zip,0,13,NULL,17,The Milk of Paradise v1.4.zblorb
91pic47tqqqf79w,http://mirror.ifarchive.org/if-archive/games/mini-comps/metafilter/metafilter2009.zip,0,13,NULL,17,Rockrider.zblorb
wv5ua3x6b9du3mzp,http://mirror.ifarchive.org/if-archive/games/mini-comps/metafilter/metafilter2009.zip,0,13,NULL,17,EricsBender.zblorb
lfa6drsu9qlc4uha,http://mirror.ifarchive.org/if-archive/games/mini-comps/metafilter/metafilter2009.zip,0,6,NULL,17,jeffrey.7.z8
dl5yv451iqmzku8o,http://mirror.ifarchive.org/if-archive/games/mini-comps/metafilter/metafilter2009.zip,0,29,NULL,17,The Questionable Substitute.gblorb
zgv52ny1u1ufu86f,http://mirror.ifarchive.org/if-archive/games/mini-comps/metafilter/metafilter2009.zip,0,6,NULL,17,underpig.z5
1n36d1snrr6p64xo,http://mirror.ifarchive.org/if-archive/games/mini-comps/metafilter/metafilter2009.zip,0,13,NULL,17,BurnDownScience.zblorb
hf4d13wf13wlnm31,http://mirror.ifarchive.org/if-archive/games/mini-comps/metafilter/metafilter2009.zip,0,6,NULL,17,bunt.z5
zuterdvl8vy4uow,http://www.ifarchive.org/if-archive/games/glulx/EquivocalIngredient.zip,0,29,NULL,17,The Equivocal Ingredient.gblorb
b2g8je1xxtqzei4u,http://inform-fiction.org/I7Downloads/Examples/alabaster/Alabaster.zip,1,29,NULL,17,Alabaster.gblorb
nybdw0bt75c716v3,http://www.panix.com/~limax/if/ifp1/progressive1.zip,0,13,NULL,17,progressive1.zblorb
zwowb47exa053hch,http://www.copyriot.com/tarnold/abent/abent.z5.zip,0,6,NULL,17,NULL
uhtu2jp2xwletutq,http://www.ifarchive.org/if-archive/games/mini-comps/introcomp/introcomp09.zip,4,6,NULL,17,Gossip/gossip.z5
uhtu2jp2xwletutq,http://mulehollandaise.site.voila.fr/Gossip_updated.zip,0,6,NULL,17,Gossip_eng_intro_updated.z5
im759y80pvh8al63,http://www.ifarchive.org/if-archive/games/mini-comps/introcomp/introcomp09.zip,0,6,NULL,17,Obituary/obituary.z5
tyvg1wik0flgy0g2,http://www.ifarchive.org/if-archive/games/mini-comps/introcomp/introcomp09.zip,0,13,NULL,17,Selves/Selves.zblorb
nkajyqultjxmiwe7,http://www.dessgeega.com/robotgardening.zip,0,6,NULL,17,robotgardening.z5
ojp9uarmyuw4eusj,http://www.caad.es/incanus/PanAjo.zip,0,6,NULL,17,PanAjo.z5
ygzqc428cll8eydk,http://mirror.ifarchive.org/if-archive/games/zcode/spanish/Amanda.zip,0,13,NULL,17,Amanda.zblorb
8i7hq6gdo677mzm1,http://sites.google.com/site/pkprostudio/TheAwakening.zip,0,13,NULL,17,The Awakening.zblorb
cn94bhjvsj4245ze,http://ginko968.free.fr/jeux/wof.zip,0,29,NULL,17,exec/wof.blb
9l4qyjdnphghcs0,http://www.caad.es/incanus/ModusVivendi.zip,0,6,NULL,17,ModusVivendi.z5
y5wn1icbseie71ct,http://www.ifarchive.org/if-archive/games/zcode/spanish/Cerillera.zip,0,6,NULL,17,Cerillera.zblorb
1yrxq7im3nw5utap,http://www.ifarchive.org/if-archive/games/zcode/FirstDayOfMyNewLife.zip,1,13,NULL,17,The First Day of My New Life.zblorb
f7zdhxmiraht53d1,http://downloads.kerkerkruip.org/Kerkerkruip-latest.zip,1,29,NULL,17,Kerkerkruip.gblorb
opz1y9r0yk3lmx5l,http://www.ifarchive.org/if-archive/games/glulx/Bonehead.zip,0,29,NULL,17,Bonehead.gblorb
as93uowvtbqfy2to,http://www.springthing.net/2011/files/HallowEveSpringThingRelease.zip,0,29,NULL,17,Hallow Eve.gblorb
2gh8bselanlyh6g,http://www.springthing.net/2011/files/TheLostIslandsOfAlabaz.zip,3,29,NULL,17,The Lost Islands of Alabaz.gblorb
etul31tqgl3n22nl,http://www.springthing.net/2011/files/MMA.zip,0,29,NULL,17,Stiffy Makane- Apocolocyntosis.gblorb
lxzvjggw0zmocle,http://www.springthing.net/2011/files/Promise-ST1.zip,0,29,NULL,17,The Promise.gblorb
3d4jyitc5a5l5i3m,http://www.springthing.net/2011/files/wetlands.zip,0,29,NULL,17,Wetlands.gblorb
nlb5cxhdabfkn0zz,http://www222.pair.com/sjohn/free/dreamtrap.zip,0,6,NULL,17,Dream Trap of Zzar.z8
23412ve392nz3zpf,http://www.ifarchive.org/if-archive/games/mini-comps/speedif/SpeedIF_Jacket_4.zip,0,6,NULL,17,lachryma.z5
t2fhbsa546g11hln,http://www.ifarchive.org/if-archive/games/mini-comps/speedif/SpeedIF_Jacket_4.zip,1,13,NULL,17,Mysterious Ocean Tower.zblorb
qdtzzfsauppodqap,http://www.ifarchive.org/if-archive/games/mini-comps/speedif/SpeedIF_Jacket_4.zip,0,6,NULL,17,Gorilla.z8
60nlqgh2iuawafoi,http://www.ifarchive.org/if-archive/games/mini-comps/speedif/SpeedIF_Jacket_4.zip,0,13,NULL,17,Moondarkling- Elfboon.zblorb
x4fyoyg69j6dbr2e,http://www.ifarchive.org/if-archive/games/mini-comps/speedif/SpeedIF_Jacket_4.zip,0,13,NULL,17,Smoochiepoodle and the Bastion .zblorb
98edv3t5g2ubu47,http://www.ifarchive.org/if-archive/games/mini-comps/speedif/SpeedIF_Jacket_4.zip,0,6,NULL,17,Spectrum.z5
ktt1r3e1qfhg7xiz,http://www.allthingsjacq.com/IntroComp11/IntroComp2011.zip,0,29,NULL,17,Chunky Blues/Chunky Blues.gblorb
nwxi6reml171cr0,http://www.caad.es/incanus/ReflejosBlancos.zip,1,6,NULL,17,Reflejos.z5
kbd990q5fp7pythi,http://six.wadeclarke.com/resources/Six.zip,0,29,NULL,17,Six.gblorb
3fmgwtnx2x6zbsje,Ectocomp.zip (http://www.adrift.co/cgi/download.cgi?1300),1,6,NULL,17,orient_express.z5
140i7wbeoifwl80r,http://plover.net/~tale/Herbstlaub/homunculus.zip,0,29,NULL,17,Homunculus.gblorb
nwsyyhdxj20lg6ya,http://www.ifarchive.org/if-archive/games/zcode/CrystalPalace.zip,0,6,NULL,17,The Crystal Palace.zblorb
ogkbvh7c4k43picy,http://www.caad.es/incanus/Forrajeo.zip,1,6,NULL,17,Forrajeo.z5
pslttnz7mplj42i,http://www222.pair.com/sjohn/free/lovecame.zip,0,6,NULL,17,The Day That Love Came to Play.z8
jllnjw6ykg109in0,http://dl.dropbox.com/u/62143973/Apollo18%2B20.zip,1,43,NULL,17,Fingertips - All Alone.zblorb
xi761vyx9lhi6v2v,http://dl.dropbox.com/u/62143973/Apollo18%2B20.zip,0,13,NULL,17,Everything Is Catching On Fire.zblorb
qyzybg5jryrfb4as,http://dl.dropbox.com/u/62143973/Apollo18%2B20.zip,1,29,NULL,17,She's Actual Size.gblorb
8tta72493k4nvec,http://dl.dropbox.com/u/62143973/Apollo18%2B20.zip,1,6,NULL,17,i found a new friend.z8
9chg1cyv3xssz0ae,http://dl.dropbox.com/u/62143973/Apollo18%2B20.zip,1,13,NULL,17,My Evil Twin.zblorb
94up65zoci93px6z,http://dl.dropbox.com/u/62143973/Apollo18%2B20.zip,1,43,NULL,17,turn around.gblorb
1985kxxeze4f2r77,http://dl.dropbox.com/u/62143973/Apollo18%2B20.zip,1,13,NULL,17,37 Fingertips-I Walk Along Darkened Corridorsdarkened-corridors.zblorb
94vyohlxpwgwwl39,http://dl.dropbox.com/u/62143973/Apollo18%2B20.zip,1,13,NULL,17,Dinner Bell.zblorb
zt66jzjxkd8ptin4,http://dl.dropbox.com/u/62143973/Apollo18%2B20.zip,1,6,NULL,17,fingertips I don't understand you.z5
3g3xyyfb5ydyod,http://dl.dropbox.com/u/62143973/Apollo18%2B20.zip,1,6,NULL,17,Fingertips - Hey Now Everybody.zblorb
a5jo2a1roas05dx5,http://dl.dropbox.com/u/62143973/Apollo18%2B20.zip,1,43,NULL,17,Fingertips - Something Grabbed Ahold of My Hand.zblorb
4zzz2snpezvmy7o,http://dl.dropbox.com/u/62143973/Apollo18%2B20.zip,1,43,NULL,17,Hall of Heads.zblorb
sda4g92j0pi8caii,http://dl.dropbox.com/u/62143973/Apollo18%2B20.zip,1,43,NULL,17,Which Describes How You're Feel.zblorb
qa01mlud4b9a1qbx,http://dl.dropbox.com/u/62143973/Apollo18%2B20.zip,1,43,NULL,17,See the constellation.zblorb
a3cm5guii2gl2xzy,http://dl.dropbox.com/u/62143973/Apollo18%2B20.zip,1,43,NULL,17,Mysterious Whispers.zblorb
2njx8jit2j13ash,http://dl.dropbox.com/u/62143973/Apollo18%2B20.zip,1,43,NULL,17,Hypnotist of Ladies.z5
n83ryakhz9fbye4x,http://dl.dropbox.com/u/62143973/Apollo18%2B20.zip,1,43,NULL,17,Fingertips- Fingertips.zblorb
yl9dnwe1kmpo5m9x,http://dl.dropbox.com/u/62143973/Apollo18%2B20.zip,1,43,NULL,17,windblow.zblorb
3dq6d1flnt2u5llh,http://dl.dropbox.com/u/62143973/Apollo18%2B20.zip,1,43,NULL,17,Fingertips - Come on and Wreck My Car.z8
rlbajfbb0r8snap0,http://dl.dropbox.com/u/62143973/Apollo18%2B20.zip,1,43,NULL,17,Fingertips- Arentyoutheguy.zblorb
pu1w7xb9dnon8jnu,http://dl.dropbox.com/u/62143973/Apollo18%2B20.zip,1,43,NULL,17,Fingertips- Leave Me Alone.zblorb
sqr9hrocyazsb4i9,http://dl.dropbox.com/u/62143973/Apollo18%2B20.zip,1,43,NULL,17,I Heard a Sound.zblorb
6lkbwncfsvp77c8y,http://blog.vornaskotti.com/wp-content/uploads/2012/04/The-Rocket-Man-from-the-Sea.gblorb.zip,0,29,NULL,17,The Rocket Man from the Sea.gblorb 
mt2cck6os45v1pgr,http://www.ifarchive.org/if-archive/games/springthing/2012/TheEggAndTheNewbie.zip,0,43,NULL,17,The Egg and the Newbie.gblorb
k2gw5ehk9d6f1lvz,http://256k.org/daybreakrl/DaybreakRL.zip,0,29,NULL,17,DaybreakRL.gblorb
tyzzaiogyhzr3xv,http://ifarchive.org/if-archive/games/mini-comps/coverstories/Antifascista.zip,1,13,NULL,17,Antifascista.zblorb
waljztz5tm1at7x6,http://www.ifarchive.org/if-archive/games/glulx/OliviasOrphanorium.zip,1,20,NULL,17,Olivia's Orphanorium.gblorb
mbvatk4n2x2n6x8,http://ifarchive.org/if-archive/games/glulx/tBLW.zip,0,25,NULL,17,TBLW.ulx
mbvatk4n2x2n6x8,http://ifarchive.org/if-archive/games/zcode/tBLW.zip,1,6,NULL,17,tBLW.z5
gv75aryoisbln9bw,http://www.ifarchive.org/if-archive/games/mini-comps/speedif/SpeedIF_NewYear2009.zip,0,6,NULL,17,dullegriet3.z5
4pvned5kf432wnoc,http://kangourou.di.unimi.it/2013/kangourou.zip,0,6,NULL,17,kangourou.z5
y7j3nudckw62a7uo,http://aifcommunity.org/games/inform/Briar.v2.zip,1,29,NULL,17,briar.gblorb
7m6expdcixbo6sy,http://www.ifarchive.org/if-archive/games/mini-comps/introcomp/introcomp13.zip,0,29,NULL,17,Akkoteaque.gblorb
kszv99z9a2eas65m,http://www.ifarchive.org/if-archive/games/mini-comps/introcomp/introcomp13.zip,0,29,NULL,17,Best_Laid_Plans.gblorb
gerek8m4ra517fk4,http://www.ifarchive.org/if-archive/games/mini-comps/introcomp/introcomp13.zip,0,29,NULL,17,The Vanishing Conjurer.gblorb
ad9pg0ycxat2sqt7,http://www.ifarchive.org/if-archive/games/mini-comps/introcomp/introcomp13.zip,0,29,NULL,17,First.gblorb
cimgcdu82gj2otap,http://www.ifarchive.org/if-archive/games/mini-comps/introcomp/introcomp13.zip,0,29,NULL,17,1984.gblorb
y3njzbvdp6zyike5,http://www.jjguest.com/ectocomp_2013.zip,2,13,NULL,17,The Horrible Pyramid.zblorb
9g7e1p3tyeyoiivq,http://www.jjguest.com/ectocomp_2013.zip,0,43,NULL,17,headless, hapless.zblorb
3c4wki6qemylk14u,http://www.jjguest.com/ectocomp_2013.zip,0,43,NULL,17,Hill of Souls.zblorb
wxps464qkde0chmq,http://www.jjguest.com/ectocomp_2013.zip,0,43,NULL,17,Ice House of Horrors.z5
r97fmw7jjh11sfdk,http://www.jjguest.com/ectocomp_2013.zip,0,43,NULL,17,Crater Creek, 2113.zblorb
1mn18bh1s38tw9bp,http://www.jjguest.com/ectocomp_2013.zip,0,43,NULL,17,Jack.gblorb
lyzt6jpjzbt87xr,http://www.jjguest.com/ectocomp_2013.zip,1,43,NULL,17,Faithful Companion.zblorb
u3dd6j9aldwyuuhk,http://www.jjguest.com/ectocomp_2013.zip,0,43,NULL,17,Fish Dreams.zblorb
ydpzujvvatlukt9,http://www.jjguest.com/ectocomp_2013.zip,0,43,NULL,17,The Cenric Family Curse.zblorb
40r2yynsg3usy7uj,http://www.jjguest.com/ectocomp_2013.zip,0,43,NULL,17,The Nessa Springs Slasher.zblorb
bf68dbypvpmgi7ia,http://www.jjguest.com/ectocomp_2013.zip,0,43,NULL,17,The tale of the cursed eagle.zblorb
2drqudrt67exut8d,http://www.jjguest.com/ectocomp_2013.zip,0,43,NULL,17,Wisp.zblorb
72sn7wkuew6579u4,http://www.jjguest.com/ectocomp_2013.zip,0,43,NULL,17,Blackness.zblorb
kfxpc2jfv1u8bmf7,http://www.jjguest.com/ectocomp_2013.zip,0,43,NULL,17,The Argument-Winner's Ghost.zblorb
dusey9nu98q83b0f,http://plover.net/~tale/Kolibri.zip,0,6,NULL,17,ES KAM AUS DEN ALPEN.z5
unsfnkzsj6bxu4ju,http://forum.ifzentrale.de/pub/ifGP/2014/Nebelgrat.zip,0,29,NULL,17,Treffen am Nebelgrat.gblorb
upqdilnlwfkesbhy,http://forum.ifzentrale.de/pub/ifGP/2014/Laden.zip,0,29,NULL,17,Der Süßigkeitenladen.gblorb
3l73pkt3g127dqf6,http://hansprestige.com/inform/TheWhale.zip,0,25,NULL,17,TheWhale.ulx
a8ovt5kgwgyf52wa,http://www.glorioustrainwrecks.com/files/A%20AAAAA%20AAAAAAAAA.zip,0,6,NULL,17,A AAAAA AAAAAAAAA.z5
6fc7zdj4qxfq74hz,https://www.dropbox.com/s/2ssfslp7wq1h0nq/Ectocomp2014.zip?dl=0,0,13,NULL,17,Candy Rush Saga.zblorb
qqd3wtpwbislbvr9,https://www.dropbox.com/s/2ssfslp7wq1h0nq/Ectocomp2014.zip?dl=0,0,13,NULL,17,First Person.gblorb
b853fqjlwgmpwrce,https://www.dropbox.com/s/2ssfslp7wq1h0nq/Ectocomp2014.zip?dl=0,0,13,NULL,17,A Fly On the Wall.zblorb
b8mb4fcwmf1hrxl,https://www.dropbox.com/s/2ssfslp7wq1h0nq/Ectocomp2014.zip?dl=0,3,6,NULL,17,lime.z5
khclq55krtwb5ruy,https://www.dropbox.com/s/2ssfslp7wq1h0nq/Ectocomp2014.zip?dl=0,0,13,NULL,17,lisey.gblorb
ypsjk6l0yep49kot,http://ifarchive.org/if-archive/games/glulx/SpirI7wrak.zip,0,29,NULL,17,SpirI7wrak.gblorb
qzre76gbd257gfy1,http://forum.ifzentrale.de/pub/ifGP/2015/lilie.zip,0,6,NULL,17,lilie.z5
rfbcdbw25d1ylmzd,http://www.textpaeckchen.org/downloads/akte/akte.zip,0,43,NULL,17,akte.z8
xf5y04yekcrqtnc,http://www.springthing.net/2015/games/TobysNose.zip,2,29,NULL,17,Toby's Nose.gblorb
jte5k6kzfpms24a7,http://www.flavorplex.com/flat.zip,0,6,NULL,17,flat.z5
ar5x88sqx6qvef7g,http://www.ifarchive.org/if-archive/games/mini-comps/shufflecomp/ShufflecompDisc2.zip,2,29,NULL,17,Molly and the Butter Thieves.gblorb
vk4j4zp5slsh9jyp,www.allthingsjacq.com/IntroComp15/IntroComp15.zip,0,29,NULL,17,Beyond Division.gblorb
180nvhpys63a6l3d,http://www.allthingsjacq.com/IntroComp15/IntroComp15.zip,0,29,NULL,17,meld.gblorb
dl0istovf2smb74,http://www.allthingsjacq.com/IntroComp15/IntroComp15.zip,0,29,NULL,17,Voltage Cafe.gblorb
y7t917n50bqw1dt4,http://www.plover.net/~davidw/fajfeta.zip,0,43,NULL,17,fajfeta.z5
k7gryitw24knktcc,http://www.andromedalegacy.com/wp-content/uploads/2015/12/A1983.zip,0,29,NULL,17,ANDROMEDA 1983.gblorb
57wq8ncspbsdktg2,http://www.paololucchesi.it/at/files/VillaMorgana_txt.zip,3,13,NULL,17,villa.zblorb
57wq8ncspbsdktg2,http://www.paololucchesi.it/at/files/VillaMorgana_win.zip,0,29,NULL,17,villa.gblorb
57wq8ncspbsdktg2,http://www.paololucchesi.it/at/files/VillaMorgana.zip,2,29,NULL,17,villa.gblorb
211ygg1zxd598c07,http://www.paololucchesi.it/at/files/DietroLAngolo_Accessibile.zip,3,25,NULL,17,angolo_acv.ulx
211ygg1zxd598c07,http://www.paololucchesi.it/at/files/DietroLAngolo.zip,2,29,NULL,17,angolo.gblorb
mxoek5y5kaddydj4,http://springthing.net/2016/stories/DeadMansHill/DeadMansHill.zip,1,29,NULL,17,Dead Man's Hill.gblorb
i4ozk7jjbz0kvss2,https://github.com/andrewschultz/fourdiopolis/releases/download/v2/fourdiopolis_release_2.zip,0,29,NULL,17,fourdiopolis.gblorb
5iztuxwskbjiktqu,http://ifarchive.org/if-archive/games/mini-comps/speedif/SpeedIF_PAX_East_2011.zip,0,13,NULL,17,Bored Ladders.zblorb
rpvhmln4tve5wmww,http://ifarchive.org/if-archive/games/mini-comps/speedif/SpeedIF_PAX_East_2011.zip,0,6,NULL,17,brainofthenightguest-colin and carolyn.z8
moqusle826dnpj0e,http://ifarchive.org/if-archive/games/mini-comps/speedif/SpeedIF_PAX_East_2011.zip,0,13,NULL,17,Delusions Again.zblorb
6mncn610cyw5ig73,http://ifarchive.org/if-archive/games/mini-comps/speedif/SpeedIF_PAX_East_2011.zip,0,6,NULL,17,digging_time-rob.z5
uyqf32uc3f6alrpp,http://ifarchive.org/if-archive/games/mini-comps/speedif/SpeedIF_PAX_East_2011.zip,0,13,NULL,17,Merk-vaporware.zblorb
bcfzgcptagp2p2zw,http://ifarchive.org/if-archive/games/mini-comps/speedif/SpeedIF_PAX_East_2011.zip,0,6,NULL,17,The Right Tool-miseri.z5
it44h0ftah562k9z,http://ifarchive.org/if-archive/games/mini-comps/speedif/SpeedIF_PAX_East_2011.zip,2,13,NULL,17,A Scurvy of Wonders.zblorb
jd79rqenllnxny3,http://ifarchive.org/if-archive/games/mini-comps/speedif/SpeedIF_PAX_East_2011.zip,0,6,NULL,17,helpfulman-clara raubertas.z5
vjbejtmwqb6yhrvu,http://www.peterkin-investigates.com/game/P01.zip,0,13,NULL,17,Mustard, Music, and Murder.zblorb
k0wm8gknj8nymlpv,http://www.peterkin-investigates.com/game/P02.zip,0,13,NULL,17,Point Blank Blank.zblorb
pcprb1wdtn9ez7km,http://www.peterkin-investigates.com/game/P03.zip,0,13,NULL,17,Labour's Letters Lost.zblorb
wzz9ycw8ujt9ts1a,http://ifarchive.jmac.org/if-archive/games/glulx/Fair.zip,0,29,NULL,17,fair.gblorb
25kq81lxm8iefgjg,http://www.ifarchive.org/if-archive/games/competition2016/Mirror%20and%20Queen/Mirror%20and%20Queen/Gblorb.zip,1,29,NULL,17,Mirror and Queen.gblorb
f0e2fae1stvsn6w,http://www.jjguest.com/LE-GRAND-GUIGNOL.zip,1,29,NULL,17,Psychomanteum.gblorb
